{"cameraMode":{"drawMode":0,"name":"Shaded","section":"Shading Mode"},"sceneLighting":false,"audioPlay":false,"sceneViewState":{"showFog":true,"showMaterialUpdate":false,"showSkybox":true,"showFlares":true,"showImageEffects":true,"showParticleSystems":true},"in2DMode":false,"pivot":{"x":-87.1987533569336,"y":0.23199012875556947,"z":31.169513702392579},"rotation":{"x":0.3475496768951416,"y":-0.6061776280403137,"z":0.33265215158462527,"w":0.633324921131134},"size":484.785888671875,"orthographic":false}