{"cameraMode":{"drawMode":0,"name":"Shaded","section":"Shading Mode"},"sceneLighting":true,"audioPlay":false,"sceneViewState":{"showFog":true,"showMaterialUpdate":true,"showSkybox":true,"showFlares":true,"showImageEffects":true,"showParticleSystems":true},"in2DMode":false,"pivot":{"x":-0.08451294898986817,"y":1.7874813079833985,"z":-0.9831945896148682},"rotation":{"x":-0.0005927978781983256,"y":0.9987123012542725,"z":-0.011985288932919503,"w":-0.04947846010327339},"size":13.940849304199219,"orthographic":true}