{"cameraMode":{"drawMode":0,"name":"Shaded","section":"Shading Mode"},"sceneLighting":true,"audioPlay":false,"sceneViewState":{"showFog":true,"showMaterialUpdate":true,"showSkybox":true,"showFlares":true,"showImageEffects":true,"showParticleSystems":true},"in2DMode":false,"pivot":{"x":0.5419921875,"y":2.08697509765625,"z":-0.599609375},"rotation":{"x":0.00035064216353930533,"y":0.9989030361175537,"z":-0.007491897791624069,"w":0.04648085683584213},"size":12.204838752746582,"orthographic":true}